school_name,state,application_deadline,criminal_background_check,application_deadline_date
Frederick P. Whiddon College of Medicine at the University of South Alabama,Alabama,"November 2, 2026",Yes,2026-11-02
University of Alabama at Birmingham Marnix E. Heersink School of Medicine,Alabama,"November 2, 2026",Yes,2026-11-02
University of Arizona College of Medicine,Arizona,"December 15, 2026",No,2026-12-15
University of Arizona College of Medicine - Phoenix,Arizona,"November 16, 2026",Yes,2026-11-16
Alice L. Walton School of Medicine,Arkansas,"November 2, 2026",Yes,2026-11-02
University of Arkansas for Medical Sciences College of Medicine,Arkansas,"November 2, 2026",Yes,2026-11-02
California Northstate University College of Medicine,California,"December 15, 2026",Yes,2026-12-15
California University of Science and Medicine-School of Medicine,California,"December 1, 2026",Yes,2026-12-01
Charles R. Drew University of Medicine and Science College of Medicine,California,"November 2, 2026",Yes,2026-11-02
Kaiser Permanente Bernard J. Tyson School of Medicine,California,"October 1, 2026",Yes,2026-10-01
Keck School of Medicine of the University of Southern California,California,"November 2, 2026",Yes,2026-11-02
Loma Linda University School of Medicine,California,"November 2, 2026",No,2026-11-02
Stanford University School of Medicine,California,"October 1, 2026",Yes,2026-10-01
"University of California, Davis, School of Medicine",California,"October 1, 2026",Yes,2026-10-01
"University of California, Irvine, School of Medicine",California,"December 1, 2026",Yes,2026-12-01
"University of California, Los Angeles David Geffen School of Medicine",California,"October 1, 2026",Yes,2026-10-01
"University of California, Riverside School of Medicine",California,"October 15, 2026",Yes,2026-10-15
"University of California, San Diego School of Medicine",California,"October 15, 2026",Yes,2026-10-15
"University of California, San Francisco, School of Medicine",California,"October 15, 2026",Yes,2026-10-15
University of Colorado School of Medicine,Colorado,"October 15, 2026",Yes,2026-10-15
Frank H. Netter MD School of Medicine at Quinnipiac University,Connecticut,"December 1, 2026",Yes,2026-12-01
University of Connecticut School of Medicine,Connecticut,"November 16, 2026",Yes,2026-11-16
Yale School of Medicine,Connecticut,"October 15, 2026",Yes,2026-10-15
George Washington University School of Medicine & Health Sciences,District of Columbia,"November 2, 2026",Yes,2026-11-02
Georgetown University School of Medicine,District of Columbia,"November 2, 2026",Yes,2026-11-02
Howard University College of Medicine,District of Columbia,"December 15, 2026",Yes,2026-12-15
Charles E. Schmidt College of Medicine at Florida Atlantic University,Florida,"November 16, 2026",Yes,2026-11-16
Florida International University Herbert Wertheim College of Medicine,Florida,"December 1, 2026",Yes,2026-12-01
Florida State University College of Medicine,Florida,"November 15, 2026",No,2026-11-15
Nova Southeastern University Dr. Kiran C. Patel College of Allopathic Medicine,Florida,"November 30, 2026",Yes,2026-11-30
USF Health Morsani College of Medicine,Florida,"January 15, 2027",Yes,2027-01-15
University of Central Florida College of Medicine,Florida,"November 16, 2026",Yes,2026-11-16
University of Florida College of Medicine,Florida,"December 1, 2026",Yes,2026-12-01
University of Miami Leonard M. Miller School of Medicine,Florida,"December 1, 2026",Yes,2026-12-01
Emory University School of Medicine,Georgia,"October 15, 2026",No,2026-10-15
Medical College of Georgia at Augusta University,Georgia,"November 2, 2026",Yes,2026-11-02
Mercer University School of Medicine,Georgia,"November 2, 2026",Yes,2026-11-02
Morehouse School of Medicine,Georgia,"December 1, 2026",Yes,2026-12-01
University of Georgia School of Medicine,Georgia,"October 15, 2026",Yes,2026-10-15
"University of Hawaii, John A. Burns School of Medicine",Hawaii,"November 2, 2026",Yes,2026-11-02
Carle Illinois College of Medicine,Illinois,"October 31, 2026",Yes,2026-10-31
Chicago Medical School at Rosalind Franklin University of Medicine & Science,Illinois,"November 2, 2026",Yes,2026-11-02
Loyola University Chicago Stritch School of Medicine,Illinois,"December 11, 2026",Yes,2026-12-11
Northwestern University The Feinberg School of Medicine,Illinois,"November 2, 2026",Yes,2026-11-02
Rush Medical College of Rush University Medical Center,Illinois,"October 1, 2026",Yes,2026-10-01
Southern Illinois University School of Medicine,Illinois,"November 16, 2026",No,2026-11-16
University of Chicago Division of the Biological Sciences The Pritzker School of Medicine,Illinois,"November 16, 2026",Yes,2026-11-16
University of Illinois College of Medicine,Illinois,"November 2, 2026",Yes,2026-11-02
Indiana University School of Medicine,Indiana,"November 16, 2026",Yes,2026-11-16
University of Iowa Roy J. and Lucille A. Carver College of Medicine,Iowa,"November 2, 2026",Yes,2026-11-02
University of Kansas School of Medicine,Kansas,"October 15, 2026",No,2026-10-15
University of Kentucky College of Medicine,Kentucky,"November 2, 2026",Yes,2026-11-02
University of Louisville School of Medicine,Kentucky,"November 2, 2026",Yes,2026-11-02
Louisiana State University School of Medicine in New Orleans,Louisiana,"November 2, 2026",Yes,2026-11-02
Louisiana State University School of Medicine in Shreveport,Louisiana,"November 2, 2026",Yes,2026-11-02
Tulane University School of Medicine,Louisiana,"October 1, 2026",Yes,2026-10-01
Johns Hopkins University School of Medicine,Maryland,"October 15, 2026",No,2026-10-15
Uniformed Services University of the Health Sciences F. Edward Hebert School of Medicine,Maryland,"October 15, 2026",Yes,2026-10-15
University of Maryland School of Medicine,Maryland,"November 2, 2026",No,2026-11-02
Boston University Aram V. Chobanian & Edward Avedisian School of Medicine,Massachusetts,"November 2, 2026",Yes,2026-11-02
Harvard Medical School,Massachusetts,"October 15, 2026",No,2026-10-15
Tufts University School of Medicine,Massachusetts,"November 2, 2026",Yes,2026-11-02
University of Massachusetts T.H. Chan School of Medicine,Massachusetts,"October 15, 2026",Yes,2026-10-15
Covenant HealthCare College of Medicine at Central Michigan University,Michigan,"November 2, 2026",Yes,2026-11-02
Michigan State University College of Human Medicine,Michigan,"October 15, 2026",Yes,2026-10-15
Oakland University William Beaumont School of Medicine,Michigan,"November 16, 2026",Yes,2026-11-16
University of Michigan Medical School,Michigan,"September 15, 2026",Yes,2026-09-15
Wayne State University School of Medicine,Michigan,"December 15, 2026",Yes,2026-12-15
Western Michigan University Homer Stryker M.D. School of Medicine,Michigan,"November 16, 2026",Yes,2026-11-16
Mayo Clinic Alix School of Medicine,Minnesota,"October 1, 2026",Yes,2026-10-01
University of Minnesota Medical School,Minnesota,"October 1, 2026",Yes,2026-10-01
University of Mississippi School of Medicine,Mississippi,"October 15, 2026",Yes,2026-10-15
Saint Louis University School of Medicine,Missouri,"November 16, 2026",Yes,2026-11-16
University of Missouri-Columbia School of Medicine,Missouri,"October 15, 2026",Yes,2026-10-15
University of Missouri-Kansas City School of Medicine,Missouri,"July 1, 2026",No,2026-07-01
Washington University in St. Louis School of Medicine,Missouri,"October 15, 2026",Yes,2026-10-15
Creighton University School of Medicine,Nebraska,"November 2, 2026",Yes,2026-11-02
University of Nebraska College of Medicine,Nebraska,"November 2, 2026",No,2026-11-02
Kirk Kerkorian School of Medicine at UNLV,Nevada,"October 1, 2026",Yes,2026-10-01
Roseman University College of Medicine,Nevada,"March 1, 2027",Yes,2027-03-01
"University of Nevada, Reno School of Medicine",Nevada,"October 1, 2026",No,2026-10-01
Geisel School of Medicine at Dartmouth,New Hampshire,"November 2, 2026",Yes,2026-11-02
Cooper Medical School of Rowan University,New Jersey,"November 16, 2026",Yes,2026-11-16
Hackensack Meridian School of Medicine,New Jersey,"December 1, 2026",Yes,2026-12-01
Rutgers New Jersey Medical School,New Jersey,"December 1, 2026",Yes,2026-12-01
"Rutgers, Robert Wood Johnson Medical School",New Jersey,"December 1, 2026",Yes,2026-12-01
University of New Mexico School of Medicine,New Mexico,"November 2, 2026",Yes,2026-11-02
Albany Medical College,New York,"November 2, 2026",Yes,2026-11-02
Albert Einstein College of Medicine,New York,"October 15, 2026",Yes,2026-10-15
Columbia University Vagelos College of Physicians and Surgeons,New York,"October 15, 2026",Yes,2026-10-15
Donald and Barbara Zucker School of Medicine at Hofstra/Northwell,New York,"November 2, 2026",Yes,2026-11-02
Icahn School of Medicine at Mount Sinai,New York,"October 1, 2026",No,2026-10-01
Jacobs School of Medicine and Biomedical Sciences at the University at Buffalo,New York,"November 16, 2026",Yes,2026-11-16
NYU Grossman Long Island School of Medicine,New York,"November 2, 2026",Yes,2026-11-02
NYU Grossman School of Medicine,New York,"October 15, 2026",Yes,2026-10-15
New York Medical College,New York,"December 15, 2026",Yes,2026-12-15
Renaissance School of Medicine at Stony Brook University,New York,"November 16, 2026",Yes,2026-11-16
SUNY Downstate Health Sciences University College of Medicine,New York,"December 1, 2026",Yes,2026-12-01
State University of New York Upstate Medical University Alan and Marlene Norton College of Medicine,New York,"October 15, 2026",Yes,2026-10-15
University of Rochester School of Medicine and Dentistry,New York,"October 15, 2026",Yes,2026-10-15
Weill Cornell Medicine,New York,"October 15, 2026",Yes,2026-10-15
Brody School of Medicine at East Carolina University,North Carolina,"October 1, 2026",Yes,2026-10-01
Duke University School of Medicine,North Carolina,"October 15, 2026",No,2026-10-15
Methodist University Cape Fear Valley Health School of Medicine,North Carolina,"November 16, 2026",Yes,2026-11-16
University of North Carolina at Chapel Hill School of Medicine,North Carolina,"October 1, 2026",No,2026-10-01
Wake Forest University School of Medicine,North Carolina,"October 15, 2026",Yes,2026-10-15
University of North Dakota School of Medicine and Health Sciences,North Dakota,"October 15, 2026",Yes,2026-10-15
Case Western Reserve University School of Medicine,Ohio,"October 15, 2026",Yes,2026-10-15
Northeast Ohio Medical University,Ohio,"November 2, 2026",Yes,2026-11-02
Ohio State University College of Medicine,Ohio,"November 2, 2026",Yes,2026-11-02
The University of Toledo College of Medicine and Life Sciences,Ohio,"November 16, 2026",Yes,2026-11-16
University of Cincinnati College of Medicine,Ohio,"December 1, 2026",Yes,2026-12-01
Wright State University Boonshoft School of Medicine,Ohio,"November 2, 2026",Yes,2026-11-02
University of Oklahoma College of Medicine,Oklahoma,"October 15, 2026",Yes,2026-10-15
Oregon Health & Science University School of Medicine,Oregon,"October 15, 2026",Yes,2026-10-15
Drexel University College of Medicine,Pennsylvania,"December 1, 2026",Yes,2026-12-01
Geisinger Commonwealth School of Medicine,Pennsylvania,"December 15, 2026",Yes,2026-12-15
Lewis Katz School of Medicine at Temple University,Pennsylvania,"December 15, 2026",Yes,2026-12-15
Pennsylvania State University College of Medicine,Pennsylvania,"November 16, 2026",Yes,2026-11-16
Perelman School of Medicine at the University of Pennsylvania,Pennsylvania,"October 15, 2026",Yes,2026-10-15
Sidney Kimmel Medical College at Thomas Jefferson University,Pennsylvania,"November 16, 2026",Yes,2026-11-16
University of Pittsburgh School of Medicine,Pennsylvania,"October 15, 2026",Yes,2026-10-15
Ponce Health Sciences University School of Medicine,Puerto Rico,"December 31, 2026",Yes,2026-12-31
San Juan Bautista School of Medicine,Puerto Rico,"December 15, 2026",Yes,2026-12-15
Universidad Central del Caribe School of Medicine,Puerto Rico,"December 31, 2026",Yes,2026-12-31
University of Puerto Rico School of Medicine,Puerto Rico,"December 1, 2026",No,2026-12-01
The Warren Alpert Medical School of Brown University,Rhode Island,"October 7, 2026",Yes,2026-10-07
Medical University of South Carolina College of Medicine,South Carolina,"November 2, 2026",No,2026-11-02
"University of South Carolina Kay and C. Edward Floyd, M.D. School of Medicine",South Carolina,"November 2, 2026",Yes,2026-11-02
University of South Carolina School of Medicine Greenville,South Carolina,"November 1, 2026",Yes,2026-11-01
"University of South Dakota, Sanford School of Medicine",South Dakota,"November 2, 2026",No,2026-11-02
East Tennessee State University James H. Quillen College of Medicine,Tennessee,"November 2, 2026",Yes,2026-11-02
Meharry Medical College,Tennessee,"December 15, 2026",Yes,2026-12-15
"Thomas F. Frist, Jr. College of Medicine at Belmont University",Tennessee,"November 16, 2026",Yes,2026-11-16
University of Tennessee Health Science Center College of Medicine,Tennessee,"October 15, 2026",No,2026-10-15
Vanderbilt University School of Medicine,Tennessee,"November 2, 2026",Yes,2026-11-02
Anne Burnett Marion School of Medicine at Texas Christian University,Texas,"November 15, 2026",Yes,2026-11-15
Spencer Fox Eccles School of Medicine at the University of Utah,Utah,"September 1, 2026",Yes,2026-09-01
"Robert Larner, M.D., College of Medicine at the University of Vermont",Vermont,"November 2, 2026",Yes,2026-11-02
Eastern Virginia Medical School at Old Dominion University,Virginia,"November 1, 2026",Yes,2026-11-01
University of Virginia School of Medicine,Virginia,"November 2, 2026",Yes,2026-11-02
Virginia Commonwealth University School of Medicine,Virginia,"October 15, 2026",Yes,2026-10-15
Virginia Tech Carilion School of Medicine,Virginia,"December 1, 2026",Yes,2026-12-01
University of Washington School of Medicine,Washington,"October 1, 2026",Yes,2026-10-01
Washington State University Elson S. Floyd College of Medicine,Washington,"October 15, 2026",Yes,2026-10-15
Marshall University Joan C. Edwards School of Medicine,West Virginia,"November 2, 2026",Yes,2026-11-02
West Virginia University School of Medicine,West Virginia,"November 2, 2026",No,2026-11-02
Medical College of Wisconsin,Wisconsin,"November 2, 2026",Yes,2026-11-02
University of Wisconsin School of Medicine and Public Health,Wisconsin,"October 15, 2026",No,2026-10-15
